category,subcat,keyword,volume,deleted_count,median_lifespan_days,used_median_eur,new_median_eur,cheap_new_competitors,price_gap_eur,arbitrage_score
sport,Elektrobicykle,hybrid,45,1,0.31,2700,,0,,57.86
sport,Elektrobicykle,bosch,71,3,0.31,1700,3600.0,0,1900.0,57.48
nabytok,Kuchyne,spotrebici,131,28,3.4,2717,,0,,50.65
sport,Elektrobicykle,stereo,34,1,0.31,2875,,0,,46.55
sport,Elektrobicykle,cube stereo,34,1,0.31,2875,,0,,46.55
sport,Elektrobicykle,stereo hybrid,33,1,0.31,2837.5,,0,,44.59
stroje,Poľnohospodárska technika,traktor,446,8,6.0,1500,19500,1,18000,29.9
sport,Cestné bicykle,cestny,142,1,0.31,425.0,,0,,28.74
sport,Cestné bicykle,cestny bicykel,115,1,0.31,450,,0,,24.64
dom,"Malotraktory, Kultivátory",malotraktor,263,7,6.02,925.0,8000,0,7075.0,21.68
nabytok,Kuchyne,linka spotrebici,58,12,3.4,2618.0,,0,,21.61
nabytok,Kuchyne,venkovska,51,9,3.4,2680,,0,,19.45
nabytok,Sedacie súpravy,kozena,302,44,3.5,914.0,685.0,1,-229.0,19.21
stroje,Poľnohospodárska technika,nakladac,78,3,6.29,2850.0,,0,,19.08
stroje,Drevoobrábacie stroje,pila,180,4,6.22,1100,,0,,17.16
stroje,Poľnohospodárska technika,traktor zetor,162,2,7.04,1250,45900,0,44650,15.77
sport,Elektrobicykle,cube,69,3,5.85,2500,,0,,15.76
sport,Cestné bicykle,axs,10,1,0.31,3000.0,,0,,14.29
nabytok,Sedacie súpravy,sedaci,156,34,6.11,1023.0,,0,,14.04
nabytok,Sedacie súpravy,sedaci souprava,152,34,6.11,1023.0,,0,,13.68
sport,Elektrobicykle,ctm,40,1,1.78,1500,,0,,13.48
nabytok,Kuchyne,dubova,17,3,0.98,2477,,0,,13.34
nabytok,Kuchyne,dubova linka,15,3,0.98,2477,,0,,11.77
sport,"Poľovníctvo, lov",termovizia,28,1,0.2,800,,0,,11.72
stroje,Stavebné stroje,unc,55,1,7.13,2690,,0,,11.39
stroje,Kovoobrábacie stroje,200mm,35,3,4.34,2700,,0,,11.08
sport,"Poľovníctvo, lov",zeiss,33,1,0.35,715.0,,0,,10.94
nabytok,Sedacie súpravy,souprava,165,37,8.73,1026,,0,,10.89
stroje,Poľnohospodárska technika,vlecka,131,3,5.78,900,6195.0,0,5295.0,10.88
sport,Elektrobicykle,velkost,66,1,5.85,1800.0,2690,0,890.0,10.85
sport,Elektrobicykle,pneu,26,1,1.78,1800.0,,0,,10.52
stroje,Kovoobrábacie stroje,hrot,32,3,4.34,2700,,0,,10.13
sport,Elektrobicykle,elektrobicykel pneu,25,1,1.78,1800,,0,,10.11
stroje,Poľnohospodárska technika,celny,37,2,5.78,2850.0,,0,,9.73
nabytok,Sedacie súpravy,supravu,78,3,0.28,250,550,0,300,9.55
stroje,Poľnohospodárska technika,celny nakladac,35,2,5.78,2900.0,,0,,9.36
nabytok,Sedacie súpravy,sedaciu,76,3,0.28,250,550,0,300,9.31
nabytok,Sedacie súpravy,sedaciu supravu,76,3,0.28,250,550,0,300,9.31
sport,Elektrobicykle,scott,14,1,1.78,2800.0,,0,,8.81
sport,Horské bicykle,cube,173,8,5.34,499,1799,0,1300,8.52
stroje,Skladová technika,nosnost,29,2,4.34,2500,,0,,8.49
stroje,Poľnohospodárska technika,zetor,978,41,7.72,595.0,450,4,-145.0,8.35
nabytok,Sedacie súpravy,kozena sedaci,125,29,8.73,1023,,0,,8.23
sport,Paintball,airsoft,92,1,0.08,150,190,0,40,7.98
stroje,Poľnohospodárska technika,zetor forterra,40,1,6.29,2200,51900,0,49700,7.55
stroje,Kovoobrábacie stroje,tos,257,1,4.34,250.0,,0,,7.53
stroje,Poľnohospodárska technika,kombajn,60,0,,1950.0,,0,,7.32
sport,Horské bicykle,damsky,82,1,0.27,180.0,1050,0,870.0,7.27
nabytok,Sedacie súpravy,suprava gauc,56,1,0.35,1399,490.0,4,-909.0,7.26
sport,Elektrobicykle,gen,25,2,5.38,2949.0,,0,,7.23
stroje,Poľnohospodárska technika,rozmetadlo,68,2,5.57,1100,,0,,7.13
sport,Elektrobicykle,750wh,12,1,1.78,2625.0,,0,,7.08
stroje,Kovoobrábacie stroje,otocny hrot,22,2,4.34,2700.0,,0,,6.96
dom,Kosačky,traktor,29,1,6.31,2785.0,,0,,6.92
deti,Kočíky,sport,21,1,0.24,650,,0,,6.92
sport,Horské bicykle,carbon,72,3,5.34,972.5,2700,0,1727.5,6.91
sport,"Poľovníctvo, lov",sauer,61,3,6.49,1350.0,2600,0,1250.0,6.88
elektro,Kávovary,jura,58,3,0.32,250,,0,,6.87
nabytok,Kuchyne,linka masivu,25,6,5.59,2846,,0,,6.76
deti,Kočíky,thule chariot,19,1,0.24,690,,0,,6.64
deti,Kočíky,chariot,19,1,0.24,690,,0,,6.64
nabytok,Kuchyne,masivu,33,7,7.78,2799,,0,,6.58
stroje,Poľnohospodárska technika,mulcovac,54,2,2.99,1500,990,1,-510,6.35
stroje,Kovoobrábacie stroje,strojny zverak,45,3,4.34,1200,,0,,6.33
sport,Horské bicykle,trek,106,3,6.49,700.0,,0,,6.2
nabytok,Kuchyne,masivu spotrebici,31,7,7.78,2799,,0,,6.18
nabytok,Kuchyne,venkovska linka,42,7,10.51,2673.0,,0,,6.11
stroje,Stavebné stroje,zipper,17,2,3.59,2640.0,,0,,6.11
sport,Elektrobicykle,celoodpruzeny,41,0,,2375.0,,0,,6.09
sport,Elektrobicykle,specialized,39,0,,2490,8000,0,5510,6.08
sport,Elektrobicykle,orbea,12,1,1.78,2250,2990,0,740,6.07
sport,Elektrobicykle,bosch gen,20,1,5.42,2999.0,,0,,5.85
dom,"Kotle, Kachle, Bojlery",kachle,252,8,5.78,250,860.0,0,610.0,5.81
sport,Horské bicykle,mondraker,16,1,1.78,1600,,0,,5.76
nabytok,Kuchyne,kuchyne,30,4,6.95,2431.5,,0,,5.74
sport,Elektrobicykle,turbo,34,0,,2690,8499.5,0,5809.5,5.72
stroje,Kovoobrábacie stroje,vreteno,18,1,4.34,2700.0,,0,,5.7
stroje,Poľnohospodárska technika,malotraktor,110,1,5.5,1600.0,654.5,2,-945.5,5.65
stroje,Stavebné stroje,lzice,22,3,4.48,2240.0,,0,,5.63
stroje,Drevoobrábacie stroje,co2,27,1,5.29,1999,,0,,5.37
sport,Kolobežky,master,43,1,1.49,495.0,800,0,305.0,5.36
stroje,Poľnohospodárska technika,forterra,45,1,6.29,1375.0,51900,0,50525.0,5.31
stroje,Poľnohospodárska technika,mulcovac traktor,5,1,0.77,3000,,0,,5.31
sport,Elektrobicykle,800wh,18,2,5.38,2999,4500,0,1501,5.29
sport,Elektrobicykle,kellys,35,1,6.49,1800,,0,,5.26
dom,Kosačky,traktorova,53,2,7.36,1325.0,2100,0,775.0,5.25
sport,Horské bicykle,canyon,73,1,5.42,1474.5,1150,1,-324.5,5.25
dom,Kosačky,traktorova kosacka,52,2,7.36,1300,2100,0,800,5.06
dom,Bazény,prekrytie,14,1,2.57,2049.5,,0,,5.03
stroje,Kovoobrábacie stroje,vrtacke,20,2,4.34,2145.0,,0,,5.03
stroje,Kovoobrábacie stroje,zverak vrtacke,20,2,4.34,2145.0,,0,,5.03
sport,Elektrobicykle,eride,8,1,1.78,2800.0,,0,,5.03
sport,Elektrobicykle,trek,22,3,6.49,2700,,0,,4.96
stroje,Poľnohospodárska technika,brany,68,2,2.65,425.0,,0,,4.96
stroje,Poľnohospodárska technika,sejacka,63,4,5.79,850.0,,0,,4.94
stroje,Poľnohospodárska technika,trac,20,3,6.35,2800,,0,,4.77
stroje,Kovoobrábacie stroje,cnc,214,0,,350,,0,,4.69
stroje,Ostatné,skrutkovy,5,1,0.56,2310,,0,,4.62
stroje,Ostatné,skrutkovy kompresor,5,1,0.56,2310,,0,,4.62
dom,"Malotraktory, Kultivátory",system,35,2,1.61,550.0,,0,,4.61
stroje,Ostatné,kompresor,92,3,0.56,250,60,1,-190,4.6
sport,Elektrobicykle,specialized turbo,29,0,,2490,8000,0,5510,4.52
nabytok,Kuchyne,linka,315,29,3.4,1500,800,14,-700,4.48
dom,Snežná technika,snehova,15,1,0.26,600,,0,,4.46
deti,Kočíky,chariot sport,11,1,0.24,800,,0,,4.46
nabytok,Kuchyne,rustikalni dubova,9,2,1.95,2264,,0,,4.33
nabytok,Sedacie súpravy,rozkladaciu,21,2,0.15,375.0,,0,,4.29
stroje,Drevoobrábacie stroje,frezka,21,2,3.61,1500,,0,,4.28
stroje,Poľnohospodárska technika,prives,29,1,5.35,1500,,0,,4.28
sport,"Poľovníctvo, lov",gulovnica,63,1,8.14,990,,0,,4.27
stroje,Drevoobrábacie stroje,drevo,68,2,4.75,575.0,,0,,4.26
sport,Elektrobicykle,ktm,24,1,5.34,1800,,0,,4.26
stroje,Poľnohospodárska technika,lift,18,2,6.5,2800,,0,,4.21
stroje,Kovoobrábacie stroje,bruska,236,2,4.27,150,,0,,4.2
stroje,Stavebné stroje,bomag,27,0,,2450.0,,0,,4.14
sport,Cestné bicykle,velkost,72,1,7.13,735.0,,0,,4.07
sport,Elektrobicykle,crussis,41,1,6.26,1150,,0,,4.07
sport,Cestné bicykle,bicykel,888,18,3.56,100,165.0,2,65.0,4.06
sport,Elektrobicykle,haibike,33,0,,1950.0,4099,0,2149.0,4.03
stroje,Poľnohospodárska technika,diely,61,0,,1049.5,,0,,4.01
sport,Kolobežky,teverun,15,1,1.48,1050,,0,,3.97
dom,Snežná technika,snehova freza,13,1,0.26,600,,0,,3.87
nabytok,Stoly,jedalensky,286,4,2.02,130,210,1,80,3.85
stroje,Poľnohospodárska technika,tatra,20,1,7.78,2700.0,,0,,3.85
stroje,Poľnohospodárska technika,obracak,28,1,6.77,1700,,0,,3.83
stroje,Kovoobrábacie stroje,sklucovadlo tos,12,1,4.34,2700.0,,0,,3.8
stroje,Kovoobrábacie stroje,guhring,12,1,4.34,2700.0,,0,,3.8
stroje,Poľnohospodárska technika,turbo,22,0,,2750.0,,0,,3.79
sport,Horské bicykle,fox,54,1,5.34,1424.5,140,1,-1284.5,3.79
dom,Kosačky,kosacka dialkove,14,2,5.48,2799,,0,,3.78
dom,Kosačky,dialkove,14,2,5.48,2799,,0,,3.78
stroje,Poľnohospodárska technika,nahradne diely,30,0,,2000.0,,0,,3.75
stroje,Poľnohospodárska technika,trac lift,16,2,6.5,2800,,0,,3.74
nabytok,Sedacie súpravy,kozena rohova,26,3,3.5,1026.0,,0,,3.71
sport,Elektrobicykle,slx,15,3,5.85,2700,,0,,3.7
stroje,Poľnohospodárska technika,nakladac trac,14,2,5.78,2800,,0,,3.62
sport,Cestné bicykle,ultegra,19,0,,2999.5,,0,,3.57
deti,Kočíky,thule,113,3,2.28,330.0,220,1,-110.0,3.55
nabytok,Kuchyne,rustikalni,11,3,3.4,2264,,0,,3.54
stroje,Poľnohospodárska technika,pluh,208,5,6.35,400.0,484.5,1,84.5,3.54
elektro,Zosilňovače,zosilnovac,129,3,5.57,574.5,250,1,-324.5,3.53
elektro,Chladničky,chladnicku,129,4,0.26,110.0,50,1,-60.0,3.52
sport,Elektrobicykle,elektrobicykel,222,5,6.26,1100,780,5,-320,3.51
stroje,Poľnohospodárska technika,nahradne,31,0,,1800,,0,,3.49
stroje,Kovoobrábacie stroje,specialny,11,1,4.34,2700,,0,,3.48
stroje,Kovoobrábacie stroje,guhring vrtaky,11,1,4.34,2700,,0,,3.48
stroje,Poľnohospodárska technika,hnoja,29,1,5.78,1300,,0,,3.48
stroje,Poľnohospodárska technika,lkt,61,0,,890,,0,,3.4
stroje,Drevoobrábacie stroje,freza,47,1,4.2,600,,0,,3.39
dom,"Kotle, Kachle, Bojlery",krbove kachle,101,5,5.3,335.0,890,0,555.0,3.36
stroje,Poľnohospodárska technika,nakladac unc,13,1,6.29,3000,,0,,3.35
stroje,Poľnohospodárska technika,unc,26,1,6.29,1500.0,,0,,3.35
sport,Horské bicykle,slash,20,1,6.49,2000,,0,,3.34
stroje,Kovoobrábacie stroje,lis,324,1,8.73,160,229,0,69,3.33
sport,Horské bicykle,cannondale,28,1,5.34,1200.0,,0,,3.31
deti,Kočíky,cybex,347,2,2.28,300,175.0,5,-125.0,3.31
stroje,Kovoobrábacie stroje,vrtacka,144,8,7.07,292.5,,0,,3.27
sport,Horské bicykle,horsky,733,36,6.03,150,355.0,2,205.0,3.26
stroje,Poľnohospodárska technika,baliky,33,1,5.35,1000.0,,0,,3.25
nabytok,Sedacie súpravy,kreslem,21,4,3.5,1108,,0,,3.24
stroje,Kovoobrábacie stroje,frezka,206,0,,250,,0,,3.22
sport,"Fitness, jogging",bezecky,95,2,4.54,300.0,824.5,0,524.5,3.22
stroje,Drevoobrábacie stroje,pasova,54,0,,950.0,,0,,3.21
stroje,Drevoobrábacie stroje,pasova pila,41,0,,1250.0,,0,,3.21
dom,"Kotle, Kachle, Bojlery",krbove,118,6,6.39,320.0,890,0,570.0,3.2
nabytok,Sedacie súpravy,gauc,180,7,5.15,350.0,530,1,180.0,3.2
nabytok,Stoly,jedalensky stol,258,4,2.02,120,210,1,90,3.2
stroje,Drevoobrábacie stroje,olepovacka,18,0,,2845.0,,0,,3.2
stroje,Poľnohospodárska technika,sena,32,0,,1600,,0,,3.2
stroje,Kovoobrábacie stroje,odvalovaci,19,0,,2690.0,,0,,3.2
sport,Cestné bicykle,specialized,51,0,,1000,,0,,3.19
sport,Elektrobicykle,ebike,72,2,6.58,1600.0,1425.0,2,-175.0,3.17
sport,Horské bicykle,trek slash,19,1,6.49,1999.5,,0,,3.17
elektro,Repro sústavy,edition,25,1,5.38,1290,,0,,3.16
stroje,Kovoobrábacie stroje,hrot specialny,10,1,4.34,2700.0,,0,,3.16
stroje,Kovoobrábacie stroje,nadstavcom,10,1,4.34,2700.0,,0,,3.16
stroje,Kovoobrábacie stroje,hrot nadstavcom,10,1,4.34,2700.0,,0,,3.16
stroje,Kovoobrábacie stroje,160mm strojny,10,1,4.34,2700.0,,0,,3.16
stroje,Kovoobrábacie stroje,160mm zverak,10,1,4.34,2700.0,,0,,3.16
stroje,Kovoobrábacie stroje,brusku vreteno,10,1,4.34,2700.0,,0,,3.16
stroje,Kovoobrábacie stroje,stopkou valcovy,10,1,4.34,2700.0,,0,,3.16
stroje,Kovoobrábacie stroje,valcovou stopkou,10,1,4.34,2700.0,,0,,3.16
stroje,Kovoobrábacie stroje,valcovou,10,1,4.34,2700.0,,0,,3.16
stroje,Kovoobrábacie stroje,valcovy,10,1,4.34,2700.0,,0,,3.16
stroje,Kovoobrábacie stroje,vrtak valcovou,10,1,4.34,2700.0,,0,,3.16
stroje,Kovoobrábacie stroje,valcovy vrtak,10,1,4.34,2700.0,,0,,3.16
stroje,Kovoobrábacie stroje,200mm kuzelova,10,1,4.34,2700.0,,0,,3.16
stroje,Kovoobrábacie stroje,65mm,10,1,4.34,2700.0,,0,,3.16
stroje,Kovoobrábacie stroje,vystruznik narex,10,1,4.34,2700.0,,0,,3.16
stroje,Kovoobrábacie stroje,nastavitelny vystruznik,10,1,4.34,2700.0,,0,,3.16
stroje,Kovoobrábacie stroje,narex 65mm,10,1,4.34,2700.0,,0,,3.16
nabytok,Obývacie steny,obyvacia,222,8,5.63,150.0,20195.0,0,20045.0,3.14
stroje,Stavebné stroje,rezacka,39,4,4.48,700.0,,0,,3.12
elektro,Repro sústavy,subwoofer,74,2,1.04,137.5,180,0,42.5,3.12
stroje,Stavebné stroje,vozik,17,0,,2900,,0,,3.09
stroje,Ostatné,schneider,7,1,0.56,1100,,0,,3.08
sport,Elektrobicykle,750w,17,0,,2899,,0,,3.08
nabytok,Sedacie súpravy,luxusni kozena,20,5,3.5,1102.5,,0,,3.07
dom,"Malotraktory, Kultivátory",vari system,27,1,3.15,750.0,,0,,3.06
sport,"Fitness, jogging",bezecky pas,90,2,4.54,300,824.5,0,524.5,3.05
